instance,n,fcfs_gap_pct,sjf_gap_pct,hrrn_gap_pct
0,8,10.1796,0.0000,3.5928
1,7,10.3448,2.0690,4.1379
2,8,15.1163,0.0000,6.9767
3,8,12.8866,0.0000,2.0619
4,7,16.1538,0.0000,2.3077
5,7,16.6667,0.0000,13.3333
6,4,10.4167,10.4167,10.4167
7,8,35.4260,8.0717,13.0045
8,10,30.4348,3.2609,17.3913
9,7,9.7826,0.0000,6.5217
10,6,18.9655,17.2414,17.2414
11,6,1.5873,0.0000,1.5873
12,9,35.3535,5.0505,23.7374
13,7,11.4035,0.0000,7.8947
14,5,9.0909,0.0000,9.0909
15,8,33.1933,0.0000,7.5630
16,5,62.5000,0.0000,59.3750
17,5,2.5641,0.0000,2.5641
18,10,49.2462,0.0000,28.1407
19,4,23.2558,0.0000,0.0000
20,6,8.1818,5.4545,6.3636
21,10,57.2165,17.0103,25.2577
22,6,21.6867,0.0000,6.0241
23,10,45.8824,18.2353,18.2353
24,7,30.8411,0.0000,5.6075
25,10,34.4828,0.0000,5.7471
26,8,20.7071,0.0000,2.5253
27,9,32.0988,0.0000,11.9342
28,8,28.8660,0.0000,12.3711
29,6,27.4194,0.0000,27.4194
30,6,24.6377,0.0000,0.0000
31,10,29.5019,0.0000,2.6820
32,6,5.7971,0.0000,0.0000
33,6,5.8824,3.2680,3.9216
34,5,5.6818,0.0000,5.6818
35,5,15.8537,0.0000,15.8537
36,9,31.4516,0.0000,6.4516
37,7,57.7982,0.0000,41.2844
38,7,25.8065,3.2258,24.1935
39,5,75.5556,48.8889,53.3333
40,4,9.0909,9.0909,9.0909
41,9,61.4865,2.7027,18.9189
42,6,30.1075,0.0000,8.6022
43,7,24.2991,0.0000,3.7383
44,10,55.8511,0.0000,31.3830
45,7,26.6667,0.0000,8.0000
46,10,33.0882,0.0000,9.9265
47,7,13.9394,0.0000,12.1212
48,10,48.9691,24.2268,25.2577
49,9,8.6022,0.0000,2.1505
50,5,10.3896,0.0000,2.5974
51,6,23.3645,0.0000,13.0841
52,5,20.3883,10.6796,11.6505
53,4,0.0000,0.0000,0.0000
54,10,9.6639,0.0000,4.2017
55,6,1.1050,0.0000,1.1050
56,5,0.0000,0.0000,0.0000
57,5,48.2759,24.1379,24.1379
58,5,14.7059,0.0000,0.0000
59,9,26.4706,7.6471,14.7059
60,4,8.8235,0.0000,0.0000
61,8,12.9944,0.0000,6.2147
62,5,17.1429,0.0000,2.8571
63,6,15.4762,3.5714,3.5714
64,10,30.3502,0.0000,7.7821
65,5,9.7561,0.0000,0.0000
66,5,7.8740,0.0000,1.5748
67,6,0.9009,0.0000,0.9009
68,5,16.3934,0.0000,0.0000
69,6,14.2857,14.2857,14.2857
70,9,45.4545,20.2020,24.2424
71,8,35.7143,0.0000,8.9286
72,10,35.8306,1.6287,5.5375
73,7,20.8122,0.0000,6.0914
74,10,41.0000,0.0000,11.0000
75,6,6.9767,4.6512,6.9767
76,4,0.0000,0.0000,0.0000
77,6,5.3763,0.0000,3.2258
78,6,11.0294,0.0000,6.6176
79,10,28.7356,0.7663,6.5134
80,6,12.9032,0.0000,0.0000
81,6,6.4815,0.0000,6.4815
82,9,46.6667,0.5556,6.6667
83,8,21.5385,20.0000,21.5385
84,7,38.1944,11.1111,15.2778
85,10,44.3243,0.0000,5.4054
86,10,24.8731,0.0000,1.5228
87,5,6.5217,0.0000,6.5217
88,4,11.2676,0.0000,0.0000
89,7,6.3492,4.7619,4.7619
90,5,23.0769,0.0000,15.3846
91,5,28.7879,0.0000,28.7879
92,7,20.0000,0.0000,7.3684
93,5,19.4444,0.0000,19.4444
94,5,0.0000,0.0000,0.0000
95,9,30.7692,0.0000,22.1154
96,8,37.1257,0.5988,28.1437
97,5,0.0000,0.0000,0.0000
98,4,0.0000,0.0000,0.0000
99,8,19.4245,12.9496,15.1079
100,9,14.0187,4.6729,4.6729
101,5,12.0000,0.0000,12.0000
102,6,27.2727,0.0000,5.1948
103,5,0.0000,0.0000,0.0000
104,9,25.0000,0.0000,11.2805
105,9,43.1507,0.0000,16.4384
106,9,64.2487,0.0000,14.5078
107,5,12.5000,12.5000,12.5000
108,7,20.1613,0.0000,5.6452
109,9,30.1020,0.0000,18.3673
110,5,10.2041,2.0408,10.2041
111,8,20.5357,0.0000,9.8214
112,8,13.1148,0.0000,1.6393
113,10,21.5311,0.0000,6.6986
114,4,0.0000,0.0000,0.0000
115,6,30.6452,0.0000,4.8387
116,10,34.4828,4.2146,6.1303
117,6,41.7582,2.1978,6.5934
118,4,51.2195,0.0000,51.2195
119,10,34.1085,3.4884,11.2403
120,9,21.2996,2.1661,6.8592
121,5,0.0000,0.0000,0.0000
122,6,16.9492,0.0000,1.6949
123,4,8.4507,0.0000,0.0000
124,6,10.6557,0.0000,0.0000
125,10,3.9568,0.0000,0.7194
126,4,25.0000,9.3750,25.0000
127,5,5.2632,0.0000,5.2632
128,4,27.2727,27.2727,27.2727
129,6,29.2035,0.0000,3.5398
130,6,6.9444,0.0000,6.9444
131,4,0.0000,0.0000,0.0000
132,8,46.1538,7.6923,11.5385
133,8,22.3301,0.0000,6.3107
134,5,0.0000,0.0000,0.0000
135,9,26.5487,0.0000,5.3097
136,10,23.1738,1.0076,4.2821
137,9,36.8421,0.0000,0.4785
138,8,15.0000,0.0000,0.7143
139,9,17.7515,0.0000,9.4675
140,8,6.1538,0.0000,6.1538
141,4,0.0000,0.0000,0.0000
142,4,3.8462,3.8462,3.8462
143,10,36.5517,0.0000,11.7241
144,10,37.4449,0.0000,9.2511
145,10,18.8235,0.3922,12.5490
146,9,13.6095,0.0000,5.3254
147,9,36.2319,0.0000,6.2802
148,5,15.8730,0.0000,0.0000
149,5,29.6875,0.0000,0.0000
150,5,23.3333,0.0000,5.0000
151,5,35.4430,0.0000,30.3797
152,10,23.4432,0.0000,2.1978
153,10,15.2778,0.0000,3.7037
154,5,25.2747,0.0000,15.3846
155,7,16.4179,2.9851,8.9552
156,8,36.1607,1.3393,12.0536
157,10,75.4839,1.2903,10.9677
158,6,14.0351,0.0000,0.0000
159,9,38.0228,0.0000,2.2814
160,4,17.7778,17.7778,17.7778
161,9,10.2941,0.0000,7.3529
162,10,59.3074,0.0000,22.0779
163,10,27.3333,0.0000,5.3333
164,6,26.8519,0.0000,8.3333
165,9,24.4813,0.0000,10.3734
166,6,0.0000,0.0000,0.0000
167,9,13.2653,5.1020,7.1429
168,4,0.0000,0.0000,0.0000
169,7,14.5299,0.0000,0.8547
170,9,45.2756,0.0000,14.1732
171,9,55.7971,0.0000,24.6377
172,8,21.7687,0.0000,8.1633
173,7,19.4030,2.2388,6.7164
174,6,13.2530,0.0000,0.0000
175,9,16.9811,0.0000,0.6289
176,9,72.4138,0.0000,5.5172
177,7,21.1538,0.0000,4.8077
178,9,27.3333,16.6667,16.6667
179,5,0.0000,0.0000,0.0000
180,5,0.0000,0.0000,0.0000
181,10,16.1616,6.7340,10.4377
182,4,0.0000,0.0000,0.0000
183,5,18.6441,0.0000,0.0000
184,8,33.1361,0.0000,13.0178
185,7,0.0000,0.0000,0.0000
186,9,17.6471,0.0000,5.0980
187,10,34.8148,0.3704,2.9630
188,5,2.5641,2.5641,2.5641
189,7,6.2112,0.0000,6.2112
190,7,13.8889,2.7778,13.8889
191,5,0.0000,0.0000,0.0000
192,8,13.8462,0.0000,4.6154
193,4,1.4286,0.0000,1.4286
194,6,3.1250,0.0000,0.0000
195,5,0.0000,0.0000,0.0000
196,9,22.6994,0.0000,2.4540
197,6,26.7606,4.2254,9.8592
198,5,0.0000,0.0000,0.0000
199,7,37.6238,0.0000,19.8020
200,8,24.6753,0.0000,10.3896
201,6,2.0833,2.0833,2.0833
202,8,31.4607,0.0000,29.2135
203,4,22.2222,0.0000,7.9365
204,9,44.7115,0.0000,6.7308
205,4,0.0000,0.0000,0.0000
206,8,32.5843,0.0000,13.4831
207,4,26.0000,26.0000,26.0000
208,4,0.0000,0.0000,0.0000
209,9,37.5479,0.0000,15.7088
210,8,12.1212,0.0000,1.2987
211,4,0.0000,0.0000,0.0000
212,9,34.1121,1.8692,7.0093
213,9,19.3966,0.0000,6.0345
214,7,83.3333,0.0000,71.4286
215,6,2.6087,0.0000,0.0000
216,8,15.5556,0.0000,8.0000
217,8,10.2857,0.0000,5.1429
218,4,5.4054,0.0000,0.0000
219,9,39.4619,0.0000,23.3184
220,4,0.0000,0.0000,0.0000
221,6,12.9870,2.5974,4.5455
222,5,26.6667,0.0000,0.0000
223,7,42.5926,0.0000,40.7407
224,7,26.6667,3.3333,3.3333
225,5,4.7619,0.0000,4.7619
226,5,35.7143,12.8571,12.8571
227,9,25.3086,0.0000,9.8765
228,10,22.2874,8.5044,10.2639
229,5,18.0952,15.2381,18.0952
230,6,3.0928,3.0928,3.0928
231,10,37.5000,0.0000,23.8636
232,10,27.5424,0.0000,0.8475
233,6,53.2258,32.2581,29.0323
234,9,42.5806,7.0968,15.4839
235,6,10.4575,0.0000,3.2680
236,8,53.4884,4.6512,13.1783
237,7,26.7442,5.8140,12.7907
238,10,19.4915,0.0000,11.8644
239,8,26.7176,3.0534,3.0534
240,9,28.2443,0.0000,7.2519
241,8,17.6871,1.3605,3.4014
242,6,7.4627,0.0000,4.4776
243,10,9.2166,0.0000,8.2949
244,10,39.1489,7.2340,20.8511
245,4,11.3924,0.0000,7.5949
246,9,10.6061,0.5051,6.5657
247,5,0.0000,0.0000,0.0000
248,10,44.3966,0.0000,5.6034
249,8,15.9664,0.0000,7.5630
250,7,12.5000,0.0000,0.0000
251,8,21.3675,11.1111,17.0940
252,9,9.4675,0.0000,2.3669
253,4,0.0000,0.0000,0.0000
254,4,0.0000,0.0000,0.0000
255,4,22.2222,7.4074,8.6420
256,7,1.9737,0.0000,1.9737
257,7,10.4938,0.0000,3.7037
258,10,41.5205,7.6023,8.1871
259,8,19.7581,1.2097,5.6452
260,7,9.2486,0.0000,3.4682
261,4,9.8039,9.8039,9.8039
262,9,27.1429,0.4762,8.0952
263,6,46.7742,0.0000,1.6129
264,5,45.4545,13.1313,14.1414
265,7,8.0460,0.0000,6.3218
266,6,24.0000,0.0000,8.0000
267,9,42.6087,0.0000,11.3043
268,8,24.6231,0.0000,10.0503
269,5,32.9897,5.1546,9.2784
270,5,5.0847,5.0847,5.0847
271,10,28.7324,0.0000,5.9155
272,7,0.0000,0.0000,0.0000
273,9,38.7879,0.0000,14.5455
274,9,32.4742,0.0000,14.4330
275,9,17.8571,4.4643,5.3571
276,4,11.1111,0.0000,0.0000
277,6,22.5275,0.0000,5.4945
278,5,23.2143,0.0000,0.0000
279,10,54.6256,0.0000,15.4185
280,10,31.6667,0.0000,5.4167
281,7,11.2150,0.4673,3.7383
282,9,11.7647,3.3613,3.3613
283,4,16.3934,14.7541,16.3934
284,9,31.7365,2.3952,7.7844
285,5,7.5472,7.5472,7.5472
286,7,29.6053,7.8947,7.8947
287,4,6.8182,0.0000,6.8182
288,8,27.5168,0.0000,16.1074
289,4,8.5106,4.2553,8.5106
290,8,53.4247,0.0000,26.0274
291,10,25.2033,6.5041,11.3821
292,7,29.4479,0.0000,9.8160
293,8,29.6512,0.0000,1.1628
294,8,6.8966,0.0000,2.9557
295,9,44.6078,0.0000,4.4118
296,5,6.3158,0.0000,6.3158
297,6,37.5000,31.2500,35.9375
298,5,5.4545,0.0000,5.4545
299,10,29.4118,0.0000,8.8235
300,9,43.4524,0.0000,6.5476
301,6,10.5769,3.8462,6.7308
302,4,0.0000,0.0000,0.0000
303,6,0.0000,0.0000,0.0000
304,10,47.0370,0.0000,0.0000
305,7,21.1382,0.0000,18.6992
306,4,0.0000,0.0000,0.0000
307,6,6.2992,0.0000,1.5748
308,4,0.0000,0.0000,0.0000
309,10,11.1486,0.0000,3.3784
310,4,0.0000,0.0000,0.0000
311,8,25.4902,0.9804,2.9412
312,4,0.0000,0.0000,0.0000
313,8,33.4646,0.7874,12.5984
314,8,1.4493,0.0000,1.4493
315,8,45.0980,0.6536,9.1503
316,10,9.3085,0.0000,5.0532
317,10,53.5545,11.3744,12.7962
318,10,18.0791,0.0000,7.9096
319,9,46.8354,0.0000,13.2911
320,6,0.0000,0.0000,0.0000
321,10,24.5734,0.0000,7.1672
322,8,19.3133,0.0000,3.8627
323,9,33.4884,0.0000,6.5116
324,5,14.0351,0.0000,14.0351
325,4,0.0000,0.0000,0.0000
326,9,12.9310,2.5862,6.4655
327,7,8.3333,0.0000,7.1429
328,6,17.4757,1.9417,8.7379
329,8,5.5556,5.5556,5.5556
330,10,28.0702,15.7895,21.4912
331,8,6.1224,0.0000,2.0408
332,4,8.1081,8.1081,8.1081
333,8,29.4118,0.0000,9.8039
334,5,7.9365,0.0000,0.0000
335,7,11.2903,0.0000,11.2903
336,9,23.1638,0.0000,3.3898
337,7,16.8831,0.0000,6.4935
338,4,0.0000,0.0000,0.0000
339,7,20.2020,0.0000,6.0606
340,6,0.0000,0.0000,0.0000
341,4,12.6984,0.0000,3.1746
342,8,23.2000,0.0000,14.8000
343,7,10.7143,0.0000,5.6122
344,4,4.3478,0.0000,4.3478
345,8,6.3063,0.9009,1.8018
346,5,0.0000,0.0000,0.0000
347,6,21.9178,2.7397,2.7397
348,10,23.9382,0.0000,5.7915
349,9,47.9452,0.0000,23.9726
350,9,38.4181,0.0000,2.8249
351,10,17.6812,0.0000,2.0290
352,6,28.1553,0.0000,21.3592
353,5,0.0000,0.0000,0.0000
354,9,18.8940,0.0000,5.0691
355,10,24.9042,0.0000,7.2797
356,5,10.6667,0.0000,10.6667
357,6,2.5641,0.0000,2.5641
358,5,0.0000,0.0000,0.0000
359,10,11.9617,0.0000,2.8708
360,9,18.3761,1.2821,2.9915
361,5,11.2903,11.2903,11.2903
362,6,2.8986,2.8986,2.8986
363,4,30.7692,9.6154,30.7692
364,4,0.0000,0.0000,0.0000
365,10,16.1702,0.0000,4.6809
366,8,11.9171,0.0000,6.2176
367,6,28.7879,0.0000,15.1515
368,8,30.1775,0.0000,17.1598
369,7,5.0847,0.0000,4.2373
370,9,50.4000,4.8000,24.8000
371,8,7.6471,0.0000,1.7647
372,9,15.7692,8.0769,10.0000
373,10,19.5349,1.3953,11.1628
374,6,14.1935,0.0000,9.0323
375,9,30.7317,0.0000,10.2439
376,7,5.8824,0.0000,5.8824
377,10,19.4805,0.0000,2.1645
378,4,7.4074,0.0000,7.4074
379,5,16.3636,0.0000,16.3636
380,4,22.7273,13.6364,13.6364
381,5,27.7778,4.1667,8.3333
382,7,12.5000,7.1429,9.8214
383,9,28.5714,0.0000,23.8095
384,10,40.7767,0.4854,0.9709
385,4,22.4138,18.9655,18.9655
386,5,9.8361,0.0000,0.0000
387,8,28.8288,8.1081,10.8108
388,9,43.0851,0.0000,22.3404
389,4,0.0000,0.0000,0.0000
390,4,0.0000,0.0000,0.0000
391,10,63.4021,1.0309,11.8557
392,5,36.5079,20.6349,36.5079
393,7,13.8462,0.0000,3.0769
394,5,0.0000,0.0000,0.0000
395,9,35.6725,0.0000,19.2982
396,10,37.2263,0.0000,7.2993
397,8,28.4211,0.0000,11.0526
398,10,51.5957,0.5319,26.5957
399,5,1.3699,0.0000,1.3699
400,10,13.3779,0.0000,2.6756
401,7,26.8657,8.9552,8.9552
402,10,23.5294,2.2059,8.0882
403,7,19.1667,0.0000,5.0000
404,6,16.2791,1.1628,9.3023
405,7,42.8571,0.0000,21.8487
406,8,34.5946,0.0000,18.3784
407,8,28.8793,2.1552,9.0517
408,9,12.3711,0.0000,8.2474
409,5,4.1667,4.1667,4.1667
410,4,7.3171,0.0000,0.0000
411,9,3.1949,0.0000,0.0000
412,4,51.2821,0.0000,51.2821
413,8,27.5862,1.9704,7.8818
414,5,36.3636,0.0000,0.0000
415,8,20.0000,0.0000,3.5897
416,5,31.4286,10.0000,10.0000
417,10,36.4807,0.0000,11.5880
418,7,24.7253,0.0000,3.2967
419,4,19.4444,1.3889,1.3889
420,7,46.0993,2.8369,22.6950
421,7,22.5806,1.6129,3.2258
422,5,13.3333,0.0000,13.3333
423,9,65.9864,27.8912,27.8912
424,9,17.6245,0.0000,6.8966
425,8,23.0769,2.8846,5.7692
426,6,35.2381,0.0000,14.2857
427,7,22.3602,0.0000,5.5901
428,5,0.0000,0.0000,0.0000
429,10,59.9251,0.0000,4.4944
430,6,23.0769,0.0000,6.5934
431,9,44.3750,1.2500,5.6250
432,5,4.2105,0.0000,4.2105
433,6,18.8679,1.8868,18.8679
434,5,26.6667,8.8889,17.7778
435,10,20.1220,0.0000,3.6585
436,7,19.5122,4.8780,4.8780
437,9,15.6740,0.0000,5.3292
438,10,16.9492,0.0000,7.4576
439,9,42.7632,0.0000,11.1842
440,10,32.1656,0.0000,12.1019
441,7,9.1603,0.0000,7.6336
442,4,0.0000,0.0000,0.0000
443,9,32.0000,0.0000,8.0000
444,5,27.5000,10.0000,27.5000
445,4,15.9420,0.0000,15.9420
446,7,20.3704,0.0000,20.3704
447,5,18.1818,18.1818,18.1818
448,4,0.0000,0.0000,0.0000
449,7,16.6667,5.7471,9.1954
450,10,28.6432,0.0000,6.0302
451,9,22.1239,0.0000,11.0619
452,7,21.5054,5.3763,5.3763
453,7,14.7826,11.3043,12.1739
454,6,17.8082,0.0000,6.8493
455,10,46.0526,18.8596,25.8772
456,8,3.3058,0.0000,0.8264
457,4,0.0000,0.0000,0.0000
458,5,0.0000,0.0000,0.0000
459,9,31.3480,0.0000,13.7931
460,6,7.4074,7.4074,7.4074
461,10,35.7895,13.6842,18.9474
462,8,18.8235,7.0588,9.4118
463,8,24.5283,12.5786,12.5786
464,8,10.7143,0.0000,4.4643
465,10,22.6054,0.0000,8.0460
466,6,16.6667,0.0000,0.0000
467,5,0.0000,0.0000,0.0000
468,8,4.8673,2.2124,4.8673
469,6,34.4444,0.0000,0.0000
470,6,3.7736,0.0000,3.7736
471,10,26.0870,0.0000,7.4534
472,5,29.0698,8.1395,16.2791
473,4,0.0000,0.0000,0.0000
474,9,35.4086,0.0000,3.8911
475,9,13.8973,0.0000,5.4381
476,5,0.0000,0.0000,0.0000
477,5,41.9753,0.0000,19.7531
478,9,13.0435,0.0000,2.6087
479,8,31.5789,0.0000,4.6784
480,4,0.0000,0.0000,0.0000
481,9,23.9024,0.0000,1.9512
482,4,0.0000,0.0000,0.0000
483,9,39.5918,4.4898,15.5102
484,4,12.5000,12.5000,12.5000
485,9,22.9665,0.0000,8.6124
486,10,61.3445,0.0000,13.0252
487,7,21.5054,12.9032,19.3548
488,6,0.0000,0.0000,0.0000
489,8,14.0625,0.0000,3.1250
490,10,46.5306,0.4082,4.4898
491,6,17.4825,4.8951,10.4895
492,5,0.0000,0.0000,0.0000
493,10,21.1538,0.0000,2.3077
494,7,18.6667,0.0000,4.0000
495,7,30.0752,0.0000,25.5639
496,8,17.8947,0.0000,6.3158
497,7,10.9890,0.0000,2.1978
498,6,29.0000,5.0000,7.0000
499,5,10.0000,0.0000,0.0000
500,8,27.5000,1.2500,4.3750
501,8,40.3226,37.0968,40.3226
502,4,13.0435,13.0435,13.0435
503,9,77.3723,1.4599,35.7664
504,9,21.0714,0.0000,3.9286
505,7,3.5503,0.0000,1.1834
506,8,8.4746,0.0000,0.5650
507,6,9.2105,0.0000,0.0000
508,9,23.0769,0.0000,7.6923
509,10,10.4575,0.0000,1.9608
510,4,18.6441,0.0000,0.0000
511,9,35.3933,1.6854,14.0449
512,7,7.3684,0.0000,7.3684
513,8,26.3158,2.2556,7.5188
514,9,11.3636,7.7273,8.6364
515,4,19.4444,0.0000,19.4444
516,6,12.5000,12.5000,12.5000
517,9,33.6000,6.8000,7.6000
518,10,20.5405,0.0000,5.6757
519,7,15.6250,0.0000,2.5000
520,6,16.5563,0.0000,14.5695
521,4,0.0000,0.0000,0.0000
522,9,44.0000,0.0000,28.0000
523,6,12.9496,0.0000,12.2302
524,5,0.0000,0.0000,0.0000
525,10,35.0000,3.0769,11.1538
526,8,10.7981,0.0000,7.5117
527,4,0.0000,0.0000,0.0000
528,9,22.8261,0.0000,9.7826
529,8,60.0000,0.0000,4.2424
530,8,29.4574,5.4264,10.8527
531,5,21.2766,0.0000,10.6383
532,9,9.3023,0.0000,5.0388
533,10,49.0654,0.0000,28.0374
534,5,11.1111,4.4444,11.1111
535,4,8.3333,0.0000,0.0000
536,6,2.6549,0.0000,2.6549
537,5,15.7143,0.0000,15.7143
538,7,29.7297,0.0000,22.9730
539,7,34.3511,2.2901,2.2901
540,6,0.0000,0.0000,0.0000
541,8,5.1502,0.0000,2.5751
542,10,38.3142,0.0000,6.8966
543,8,27.1186,4.5198,17.5141
544,7,23.3333,0.0000,3.3333
545,5,0.0000,0.0000,0.0000
546,4,0.0000,0.0000,0.0000
547,6,64.5833,64.5833,64.5833
548,7,30.9524,0.0000,9.5238
549,10,11.7329,0.0000,4.5126
550,4,0.0000,0.0000,0.0000
551,5,0.0000,0.0000,0.0000
552,7,38.0952,5.7143,20.0000
553,10,20.0855,0.0000,2.1368
554,6,15.7480,9.4488,11.8110
555,10,20.0599,0.0000,7.1856
556,5,20.8333,0.0000,2.7778
557,5,0.0000,0.0000,0.0000
558,7,21.0526,0.0000,11.5789
559,4,8.3333,8.3333,8.3333
560,6,19.4245,0.0000,3.5971
561,4,0.0000,0.0000,0.0000
562,7,32.9341,1.7964,12.5749
563,10,25.2252,1.5015,14.4144
564,6,18.3007,0.0000,0.6536
565,6,30.7692,0.0000,19.7802
566,5,20.7792,0.0000,1.2987
567,5,0.0000,0.0000,0.0000
568,7,26.9461,0.0000,14.9701
569,10,19.0265,2.6549,7.5221
570,9,16.2011,1.1173,4.4693
571,8,61.8182,3.6364,20.0000
572,7,11.6505,2.9126,4.8544
573,9,40.1235,1.2346,8.6420
574,8,23.8372,0.0000,2.3256
575,6,31.0000,0.0000,6.0000
576,8,24.5614,1.7544,17.5439
577,4,4.1096,4.1096,4.1096
578,6,8.1081,0.0000,0.9009
579,6,11.8421,0.0000,0.0000
580,5,28.0000,0.0000,28.0000
581,7,11.3208,0.0000,0.0000
582,5,0.0000,0.0000,0.0000
583,4,1.1765,0.0000,1.1765
584,6,32.7586,0.0000,27.5862
585,10,8.1081,0.0000,3.0030
586,6,5.0633,0.0000,5.0633
587,10,30.7278,0.2695,3.7736
588,10,22.0183,0.0000,2.7523
589,10,38.2609,0.0000,7.8261
590,5,21.7391,0.0000,4.3478
591,8,7.9545,1.7045,2.8409
592,8,14.3836,0.0000,4.7945
593,10,45.7143,15.4286,18.2857
594,7,8.0460,4.5977,8.0460
595,6,1.6260,0.0000,0.0000
596,5,0.0000,0.0000,0.0000
597,8,26.3441,2.6882,4.8387
598,7,22.8346,0.0000,6.2992
599,8,17.3611,0.0000,4.1667
600,5,8.9286,0.0000,8.9286
601,4,1.3889,1.3889,1.3889
602,9,42.4837,0.0000,6.5359
603,5,64.2857,60.7143,60.7143
604,8,59.4444,0.0000,20.5556
605,4,29.1667,2.0833,14.5833
606,9,13.4078,0.0000,4.4693
607,5,6.9767,6.9767,6.9767
608,5,29.4872,14.1026,20.5128
609,9,39.2265,8.2873,10.4972
610,7,34.7305,2.3952,12.5749
611,9,18.7500,2.8409,6.8182
612,10,43.2540,0.0000,7.9365
613,6,19.8276,12.0690,12.0690
614,7,20.0957,0.0000,10.5263
615,4,0.0000,0.0000,0.0000
616,10,32.4561,0.0000,10.9649
617,6,36.7816,13.7931,20.6897
618,8,35.9375,0.0000,10.9375
619,8,32.6087,0.0000,13.0435
620,7,26.8456,0.0000,5.3691
621,5,10.2564,10.2564,10.2564
622,5,2.1053,0.0000,2.1053
623,4,5.9701,2.9851,5.9701
624,8,17.8862,0.0000,6.5041
625,7,7.4468,0.0000,1.0638
626,7,21.4876,0.0000,14.0496
627,10,44.3709,0.0000,27.1523
628,7,21.1268,2.8169,8.4507
629,9,37.9562,0.0000,13.8686
630,4,2.0833,0.0000,2.0833
631,9,22.2772,0.9901,5.4455
632,8,12.2363,0.0000,5.9072
633,8,7.0755,0.0000,5.6604
634,5,35.1852,1.8519,27.7778
635,7,12.0690,0.0000,4.3103
636,10,14.3229,0.0000,2.8646
637,5,0.0000,0.0000,0.0000
638,6,26.8657,2.9851,10.4478
639,5,5.8824,0.0000,0.0000
640,6,0.0000,0.0000,0.0000
641,10,18.1287,2.9240,4.6784
642,10,35.8566,0.0000,13.1474
643,7,10.0000,0.0000,1.2500
644,8,17.5966,0.0000,13.3047
645,8,18.0851,0.0000,11.7021
646,9,27.1605,0.4115,13.9918
647,7,13.2075,0.0000,8.8050
648,7,9.3333,0.0000,2.2222
649,7,7.2289,0.0000,7.2289
650,10,26.5896,0.0000,5.2023
651,5,8.6022,0.0000,0.0000
652,6,15.0538,0.0000,15.0538
653,7,26.7974,0.0000,13.7255
654,7,5.4393,0.0000,2.0921
655,4,3.4091,0.0000,0.0000
656,10,31.9048,0.0000,6.6667
657,10,24.1477,0.0000,5.9659
658,5,0.0000,0.0000,0.0000
659,7,22.6415,0.0000,1.8868
660,6,7.1429,0.0000,1.7857
661,7,9.3750,0.0000,9.3750
662,5,15.2778,0.0000,5.5556
663,7,34.5679,0.0000,30.8642
664,7,24.0741,1.8519,5.5556
665,4,0.0000,0.0000,0.0000
666,5,31.8841,7.2464,20.2899
667,7,20.8333,0.0000,10.4167
668,8,27.8689,0.0000,16.9399
669,10,33.3333,0.0000,6.1033
670,7,24.0000,0.0000,16.0000
671,8,45.7516,8.4967,14.3791
672,5,0.0000,0.0000,0.0000
673,4,0.0000,0.0000,0.0000
674,4,0.0000,0.0000,0.0000
675,7,13.7931,0.0000,0.6897
676,7,12.5000,0.0000,0.6250
677,6,18.1034,0.0000,18.1034
678,4,0.0000,0.0000,0.0000
679,4,5.4054,0.0000,0.0000
680,6,21.2766,0.0000,11.7021
681,8,0.0000,0.0000,0.0000
682,5,11.7647,11.7647,11.7647
683,6,26.4957,0.0000,0.8547
684,4,3.7736,0.0000,3.7736
685,6,8.5271,0.0000,3.1008
686,7,49.5935,0.0000,12.1951
687,5,6.5934,6.5934,6.5934
688,10,9.9415,0.0000,1.1696
689,10,30.3371,0.0000,1.6854
690,4,0.0000,0.0000,0.0000
691,4,0.0000,0.0000,0.0000
692,6,24.3243,2.0270,3.3784
693,5,1.5873,0.0000,1.5873
694,5,0.0000,0.0000,0.0000
695,5,1.7857,0.0000,1.7857
696,5,25.6410,5.1282,5.1282
697,8,24.6914,3.0864,11.7284
698,9,21.4876,0.0000,5.3719
699,7,1.5152,0.0000,1.5152
700,6,0.0000,0.0000,0.0000
701,9,34.5324,0.0000,20.8633
702,4,0.0000,0.0000,0.0000
703,10,13.3621,0.0000,2.1552
704,5,13.3333,2.2222,2.2222
705,10,28.1481,0.0000,11.8519
706,4,6.4516,0.0000,0.0000
707,4,0.0000,0.0000,0.0000
708,10,42.9864,1.3575,7.6923
709,8,23.4694,3.0612,7.1429
710,8,22.6190,9.1270,12.6984
711,6,9.0323,0.0000,0.0000
712,8,27.7778,0.0000,2.7778
713,6,25.0000,0.0000,15.0000
714,4,0.0000,0.0000,0.0000
715,4,0.0000,0.0000,0.0000
716,8,30.7229,6.6265,9.0361
717,7,21.6667,0.0000,18.3333
718,5,0.0000,0.0000,0.0000
719,8,3.7500,0.0000,3.1250
720,7,40.1575,0.0000,16.5354
721,7,13.3333,5.5556,8.8889
722,8,26.0870,0.0000,11.8012
723,4,1.3333,0.0000,1.3333
724,7,33.0435,0.0000,8.6957
725,6,58.1395,0.0000,6.9767
726,10,37.0607,0.0000,7.6677
727,5,18.7500,18.7500,18.7500
728,6,18.9474,0.0000,0.0000
729,10,50.5102,9.1837,19.3878
730,6,17.2043,0.0000,4.3011
731,7,34.0541,0.0000,16.2162
732,6,4.5455,0.0000,0.6494
733,10,41.0853,9.3023,12.4031
734,4,9.8039,0.0000,9.8039
735,4,0.0000,0.0000,0.0000
736,5,1.3889,0.0000,1.3889
737,5,0.0000,0.0000,0.0000
738,6,0.0000,0.0000,0.0000
739,4,30.7692,0.0000,12.3077
740,9,22.4490,0.0000,11.5646
741,8,19.3694,0.0000,2.7027
742,6,42.2535,0.0000,30.9859
743,9,34.1085,0.0000,6.2016
744,4,0.0000,0.0000,0.0000
745,5,0.0000,0.0000,0.0000
746,4,0.0000,0.0000,0.0000
747,8,16.4062,0.0000,2.3438
748,8,0.0000,0.0000,0.0000
749,8,25.3968,0.0000,9.5238
750,8,34.3066,0.0000,8.0292
751,8,30.2632,0.0000,13.1579
752,7,2.0000,2.0000,2.0000
753,5,0.0000,0.0000,0.0000
754,6,0.0000,0.0000,0.0000
755,4,26.7606,1.4085,1.4085
756,8,50.4348,20.0000,23.4783
757,8,32.3671,0.0000,7.7295
758,5,17.1875,6.2500,12.5000
759,6,15.0602,0.0000,9.0361
760,7,29.0909,0.0000,13.6364
761,9,31.8408,0.0000,5.9701
762,6,55.2239,2.9851,29.8507
763,4,7.2289,7.2289,7.2289
764,9,31.2268,1.8587,8.5502
765,8,29.0640,0.0000,5.4187
766,4,0.0000,0.0000,0.0000
767,7,16.0494,2.4691,2.4691
768,5,1.4493,0.0000,1.4493
769,6,4.0323,0.0000,0.8065
770,8,15.0943,7.5472,9.4340
771,9,41.0256,1.5385,15.3846
772,4,7.6923,0.0000,7.6923
773,7,5.1852,0.0000,2.2222
774,9,18.8525,0.0000,10.2459
775,9,21.0526,0.0000,4.7847
776,5,4.3478,4.3478,4.3478
777,6,0.0000,0.0000,0.0000
778,10,12.2388,0.0000,2.6866
779,4,0.0000,0.0000,0.0000
780,7,24.3243,13.5135,15.5405
781,8,25.5102,5.6122,11.7347
782,10,26.2295,0.0000,4.9180
783,8,20.2381,0.0000,15.4762
784,10,77.7027,16.8919,32.4324
785,10,38.5321,0.0000,6.4220
786,7,39.8374,0.0000,10.5691
787,6,43.1818,2.2727,4.5455
788,8,15.5405,0.0000,10.1351
789,5,47.3684,47.3684,47.3684
790,4,0.0000,0.0000,0.0000
791,7,11.7187,0.0000,2.3438
792,8,15.5689,0.0000,2.9940
793,10,57.3529,0.0000,13.7255
794,4,7.0175,7.0175,7.0175
795,7,27.4336,2.6549,13.2743
796,4,16.9811,0.0000,0.0000
797,6,32.2581,0.0000,3.2258
798,6,57.5342,28.7671,34.2466
799,5,0.0000,0.0000,0.0000
800,10,6.2201,1.6746,2.1531
801,8,23.1183,0.0000,2.6882
802,4,0.0000,0.0000,0.0000
803,10,10.4418,0.0000,5.2209
804,9,5.0847,0.0000,0.0000
805,6,16.0000,0.0000,6.0000
806,10,64.3137,0.0000,11.7647
807,10,18.4290,0.0000,3.0211
808,5,0.0000,0.0000,0.0000
809,4,11.1111,0.0000,0.0000
810,8,3.7500,0.0000,1.2500
811,5,21.4286,0.0000,21.4286
812,8,16.6667,12.8205,14.1026
813,4,0.0000,0.0000,0.0000
814,10,19.6721,0.0000,13.5246
815,9,36.2903,0.0000,7.6613
816,8,24.2152,0.0000,6.2780
817,10,32.4324,0.0000,7.2072
818,7,38.3333,4.4444,10.0000
819,6,62.3377,22.0779,22.0779
820,4,0.0000,0.0000,0.0000
821,5,2.9851,2.9851,2.9851
822,9,18.1250,0.0000,2.1875
823,5,8.9744,0.0000,8.9744
824,6,14.9123,0.0000,6.1404
825,10,32.9670,0.5495,7.1429
826,6,15.7895,2.6316,2.6316
827,7,13.4228,0.0000,10.0671
828,5,17.8295,0.0000,6.2016
829,8,33.1210,0.0000,10.1911
830,4,0.0000,0.0000,0.0000
831,9,21.6667,0.0000,0.0000
832,6,48.2759,0.0000,13.7931
833,5,32.3944,5.6338,22.5352
834,8,32.7103,0.0000,10.2804
835,8,23.5294,0.9804,12.7451
836,4,3.9216,3.9216,3.9216
837,6,24.3902,0.0000,13.0081
838,8,16.0920,0.0000,5.7471
839,10,32.9341,5.3892,10.1796
840,4,24.5283,5.6604,5.6604
841,8,15.1316,3.9474,7.8947
842,10,19.6226,0.0000,2.2642
843,8,16.8103,0.0000,9.9138
844,4,18.5185,18.5185,18.5185
845,6,8.9109,8.9109,8.9109
846,6,27.9279,9.9099,12.6126
847,10,40.3974,0.0000,2.6490
848,9,65.1852,0.0000,20.7407
849,6,11.3636,0.0000,4.5455
850,4,16.6667,2.0833,16.6667
851,8,37.3239,1.4085,16.1972
852,6,15.0000,1.6667,15.0000
853,9,30.5677,0.0000,15.7205
854,5,9.0909,3.6364,3.6364
855,7,7.3529,0.0000,2.9412
856,6,3.3708,2.2472,3.3708
857,8,1.3393,0.0000,0.0000
858,9,34.0909,0.0000,12.5000
859,8,8.7248,0.0000,1.3423
860,4,15.3846,15.3846,15.3846
861,10,18.5075,0.0000,5.6716
862,7,17.9104,0.0000,10.4478
863,7,36.3636,0.0000,15.4545
864,9,21.6216,0.0000,9.0090
865,7,21.6216,2.7027,2.7027
866,5,10.0000,6.0000,10.0000
867,9,39.9177,0.0000,14.8148
868,7,31.7073,0.0000,9.7561
869,4,2.4390,2.4390,2.4390
870,6,25.9259,0.0000,6.1728
871,10,20.1087,0.0000,1.0870
872,10,14.2157,0.0000,2.4510
873,10,1.7241,0.0000,0.8621
874,8,52.5547,11.6788,16.0584
875,10,23.3333,0.0000,4.4444
876,10,37.6344,3.7634,9.1398
877,10,56.9444,0.0000,20.8333
878,7,19.7674,16.2791,16.2791
879,5,5.4054,0.0000,0.0000
880,5,14.2857,0.0000,14.2857
881,4,4.5977,1.1494,1.1494
882,5,12.6984,0.0000,0.0000
883,10,27.2000,0.0000,10.4000
884,6,10.2804,0.0000,3.7383
885,4,0.0000,0.0000,0.0000
886,8,37.9310,5.9113,13.3005
887,6,4.3750,0.0000,1.2500
888,5,0.0000,0.0000,0.0000
889,6,22.1311,0.0000,4.9180
890,9,37.3057,3.6269,9.3264
891,5,0.0000,0.0000,0.0000
892,8,19.5266,1.7751,12.4260
893,10,17.5824,0.0000,2.1978
894,8,29.8429,0.0000,3.1414
895,8,50.7692,0.0000,7.6923
896,6,32.4074,0.0000,7.4074
897,8,21.3592,4.8544,5.8252
898,8,9.6154,0.0000,1.9231
899,10,27.4247,0.0000,7.3579
900,7,5.0314,0.0000,1.2579
901,8,25.3968,0.0000,14.2857
902,10,30.4569,0.0000,1.0152
903,5,9.0909,9.0909,9.0909
904,10,43.2177,0.0000,13.8801
905,9,18.9189,0.0000,9.9099
906,7,30.2083,0.0000,7.2917
907,6,38.2353,26.4706,26.4706
908,7,19.4030,0.0000,9.7015
909,4,17.9487,0.0000,0.0000
910,10,28.8820,0.0000,7.4534
911,10,29.3706,2.7972,7.6923
912,10,36.9565,0.0000,14.1304
913,5,0.0000,0.0000,0.0000
914,8,35.0365,0.0000,5.8394
915,8,0.0000,0.0000,0.0000
916,5,33.3333,33.3333,33.3333
917,8,35.2113,18.3099,23.9437
918,9,29.9213,3.1496,10.2362
919,8,17.6000,0.8000,2.4000
920,10,10.0000,0.0000,10.0000
921,9,20.4545,1.5152,10.6061
922,5,10.9756,0.0000,0.0000
923,8,18.5520,1.8100,7.2398
924,5,19.6429,0.0000,12.5000
925,8,11.5942,0.0000,5.3140
926,8,57.9439,0.0000,7.4766
927,10,18.9441,1.5528,3.4161
928,5,5.6180,0.0000,0.0000
929,7,23.0088,6.1947,13.2743
930,7,15.0943,0.0000,5.6604
931,8,19.2453,0.0000,7.1698
932,8,26.7081,11.1801,13.0435
933,9,18.7773,0.0000,3.0568
934,8,16.8224,2.8037,7.0093
935,7,13.0233,0.0000,4.6512
936,8,41.8269,9.6154,12.0192
937,4,0.0000,0.0000,0.0000
938,10,30.2905,0.0000,7.4689
939,10,16.2242,0.0000,5.8997
940,9,25.1908,0.0000,10.6870
941,5,6.8182,0.0000,0.0000
942,4,33.9623,0.0000,3.7736
943,9,15.2941,0.0000,11.1765
944,4,0.0000,0.0000,0.0000
945,5,0.0000,0.0000,0.0000
946,7,11.4754,0.0000,2.7322
947,5,0.0000,0.0000,0.0000
948,6,1.2821,1.2821,1.2821
949,9,43.3862,0.0000,5.8201
950,8,0.0000,0.0000,0.0000
951,6,7.7844,0.0000,7.7844
952,6,5.8824,0.0000,0.0000
953,9,22.8137,0.0000,2.6616
954,8,46.5517,0.0000,20.1149
955,7,22.7273,12.9870,14.2857
956,8,29.8507,0.0000,23.1343
957,5,8.4507,0.0000,8.4507
958,5,7.6923,7.6923,7.6923
959,9,19.6911,2.3166,9.2664
960,5,0.0000,0.0000,0.0000
961,8,52.4194,0.0000,23.3871
962,4,0.0000,0.0000,0.0000
963,8,20.0000,0.0000,1.7391
964,10,46.7662,6.4677,6.9652
965,10,48.8722,1.5038,11.2782
966,8,38.4615,9.4675,10.0592
967,6,0.0000,0.0000,0.0000
968,5,9.3750,0.0000,0.0000
969,5,6.7568,0.0000,0.0000
970,6,11.3208,0.0000,0.4717
971,6,5.7471,0.0000,2.2989
972,4,0.0000,0.0000,0.0000
973,9,51.6667,22.5000,30.8333
974,10,26.4423,0.0000,4.3269
975,9,15.3846,0.0000,6.6434
976,4,10.3448,0.0000,4.5977
977,9,13.6585,0.0000,3.4146
978,10,18.5965,0.0000,3.1579
979,10,26.8966,0.0000,10.3448
980,10,39.8305,0.0000,16.9492
981,5,0.0000,0.0000,0.0000
982,7,24.3902,0.0000,17.0732
983,7,16.5049,4.8544,10.6796
984,6,10.5991,0.0000,7.3733
985,4,18.5185,0.0000,0.0000
986,4,0.0000,0.0000,0.0000
987,8,46.7742,1.6129,11.2903
988,4,0.0000,0.0000,0.0000
989,8,26.0355,0.0000,3.5503
990,4,17.1429,0.0000,17.1429
991,7,13.5802,0.0000,13.5802
992,10,53.9924,0.0000,18.6312
993,9,50.6024,12.6506,16.8675
994,6,10.6061,10.6061,10.6061
995,10,18.3575,2.8986,5.7971
996,4,0.0000,0.0000,0.0000
997,6,11.7188,0.0000,0.0000
998,8,23.2432,0.0000,9.1892
999,4,8.9552,0.0000,0.0000
